tpep_pickup_datetime,tpep_dropoff_datetime,trip_distance,fare_amount,tip_amount,trip_duration
2017-01-10 18:37:59,2017-01-10 18:49:24,0.71,8.0,0.0,685
2017-01-05 15:14:52,2017-01-05 15:23:28,1.16,7.5,1.66,516
2017-01-11 14:47:52,2017-01-11 14:59:15,1.3,8.5,1.0,683
2017-01-04 07:31:49,2017-01-04 07:39:21,0.8,6.5,0.0,452
2017-01-12 17:43:50,2017-01-12 17:51:25,1.4,7.0,0.0,455
2017-01-22 02:08:10,2017-01-22 02:18:43,3.47,12.0,0.0,633
2017-01-25 19:28:25,2017-01-25 19:35:17,0.74,6.0,0.0,412
2017-01-04 20:47:30,2017-01-04 21:01:24,2.68,11.5,3.84,834
2017-01-17 08:09:14,2017-01-17 08:14:12,0.7,5.0,1.15,298
2017-01-23 17:51:31,2017-01-23 18:49:41,17.8,52.0,12.55,3490
2017-01-27 14:53:30,2017-01-27 14:57:29,0.19,4.5,0.0,239
2017-01-15 23:17:44,2017-01-15 23:22:12,1.04,5.5,0.0,268
2017-01-27 10:53:09,2017-01-27 10:59:45,1.5,7.0,1.95,396
2017-01-10 20:05:29,2017-01-10 20:23:02,2.06,12.0,2.66,1053
2017-01-13 09:32:10,2017-01-13 09:42:26,2.99,11.0,2.36,616
2017-01-10 01:38:29,2017-01-10 02:03:22,7.1,24.0,5.0,1493
2017-01-02 17:49:57,2017-01-02 18:04:31,2.24,11.5,2.46,874
2017-01-17 08:56:56,2017-01-17 09:03:45,1.27,7.0,1.56,409
2017-01-04 23:20:56,2017-01-04 23:40:38,10.91,31.0,7.5,1182
2017-01-08 08:02:59,2017-01-08 08:30:26,17.7,65.0,22.7,1647
2017-01-08 13:12:34,2017-01-08 13:21:36,1.74,8.5,4.0,542
2017-01-28 23:17:56,2017-01-28 23:36:03,2.7,13.0,0.0,1087
2017-01-01 20:22:36,2017-01-01 20:46:19,9.16,29.0,6.06,1423
2017-01-14 20:14:50,2017-01-14 20:27:43,0.9,9.0,0.0,773
2017-01-04 13:18:51,2017-01-04 13:26:05,0.99,6.5,0.9,434
2017-01-09 17:29:15,2017-01-09 17:50:08,5.09,19.5,4.26,1253
2017-01-04 19:32:14,2017-01-04 20:02:29,8.3,28.0,1.2,1815
2017-01-04 12:40:08,2017-01-04 12:46:19,0.6,5.5,0.0,371
2017-01-22 00:34:55,2017-01-22 00:50:47,2.97,12.5,0.0,952
2017-01-06 11:02:49,2017-01-06 11:14:56,1.82,9.5,2.06,727
2017-01-12 22:28:49,2017-01-12 22:32:23,0.51,4.5,1.16,214
2017-01-27 23:01:59,2017-01-27 23:14:22,2.07,11.0,2.46,743
2017-01-26 17:14:02,2017-01-26 17:23:10,1.74,8.5,2.06,548
2017-01-04 18:53:57,2017-01-04 19:05:17,2.3,10.0,2.35,680
2017-01-19 20:53:22,2017-01-19 21:05:54,1.5,9.5,2.7,752
2017-01-06 08:16:59,2017-01-06 08:25:48,1.46,7.5,1.66,529
2017-01-25 09:39:43,2017-01-25 09:45:04,1.22,6.0,1.36,321
2017-01-27 10:48:44,2017-01-27 11:00:23,2.2,10.5,1.5,699
2017-01-18 10:19:12,2017-01-18 10:41:46,8.44,26.0,4.0,1354
2017-01-02 16:11:15,2017-01-02 16:25:39,1.1,10.0,2.15,864
2017-01-14 22:25:57,2017-01-14 22:37:11,1.41,8.5,1.96,674
2017-01-19 21:05:52,2017-01-19 21:08:39,0.4,4.0,1.05,167
2017-01-13 06:57:07,2017-01-13 07:09:58,0.7,9.0,1.95,771
2017-01-01 19:10:19,2017-01-01 19:30:39,8.19,25.0,0.0,1220
2017-01-22 16:58:01,2017-01-22 17:03:09,0.6,5.0,0.5,308
2017-01-03 15:02:32,2017-01-03 15:19:00,1.7,11.5,1.85,988
2017-01-05 08:16:25,2017-01-05 08:34:38,2.2,13.5,2.4,1093
2017-01-17 07:42:27,2017-01-17 07:47:31,0.9,5.5,1.85,304
2017-01-02 13:10:55,2017-01-02 13:16:27,1.06,6.0,0.0,332
2017-01-04 01:04:50,2017-01-04 01:21:22,4.81,17.0,4.58,992
2017-01-30 08:24:41,2017-01-30 08:51:44,3.18,18.5,3.86,1623
2017-01-11 17:58:24,2017-01-11 18:07:49,1.43,8.0,0.0,565
2017-01-26 19:41:58,2017-01-26 20:01:03,3.09,14.5,3.26,1145
2017-01-15 01:34:36,2017-01-15 01:43:21,1.2,7.5,2.2,525
2017-01-21 22:38:38,2017-01-21 22:56:07,2.17,12.5,2.76,1049
2017-01-06 03:07:24,2017-01-06 03:13:40,1.13,6.5,1.56,376
2017-01-29 15:07:54,2017-01-29 15:16:27,1.42,8.0,1.76,513
2017-01-02 10:19:02,2017-01-02 10:29:49,2.27,10.5,2.26,647
2017-01-28 04:18:17,2017-01-28 04:40:54,7.3,24.0,1.0,1357
2017-01-11 17:41:53,2017-01-11 17:47:48,0.65,5.5,1.46,355
2017-01-22 13:45:08,2017-01-22 13:58:01,1.99,10.0,2.16,773
2017-01-11 10:35:56,2017-01-11 10:58:08,1.71,14.0,0.0,1332
2017-01-14 02:16:28,2017-01-14 02:35:04,11.96,33.5,5.0,1116
2017-01-16 07:15:20,2017-01-16 07:29:31,3.7,14.0,0.1,851
2017-01-27 09:51:46,2017-01-27 10:03:11,1.82,9.5,0.0,685
2017-01-26 17:13:01,2017-01-26 17:26:07,2.24,11.0,0.0,786
2017-01-28 00:55:20,2017-01-28 01:23:58,6.1,23.5,0.0,1718
2017-01-01 01:28:20,2017-01-01 01:44:43,1.9,11.5,2.0,983
2017-01-29 22:16:24,2017-01-29 22:23:02,0.8,6.0,1.45,398
2017-01-12 16:27:29,2017-01-12 16:32:28,1.1,6.0,0.0,299
2017-01-09 19:28:13,2017-01-09 19:57:17,10.97,34.0,8.27,1744
2017-01-30 21:15:02,2017-01-30 21:26:43,2.43,10.5,2.36,701
2017-01-28 17:30:59,2017-01-28 17:38:30,1.3,7.0,0.0,451
2017-01-28 23:14:31,2017-01-28 23:39:11,2.3,15.5,3.35,1480
2017-01-01 05:01:01,2017-01-01 05:02:43,0.1,0.0,0.0,102
2017-01-21 17:46:01,2017-01-21 17:51:53,0.7,5.5,0.0,352
2017-01-05 12:41:01,2017-01-05 12:45:27,0.41,4.5,1.06,266
2017-01-26 08:53:20,2017-01-26 09:00:18,1.25,7.0,2.0,418
2017-01-04 12:33:11,2017-01-04 12:38:35,0.75,5.5,1.26,324
2017-01-18 07:41:54,2017-01-18 07:46:47,1.1,5.5,1.0,293
2017-01-25 22:50:18,2017-01-25 23:09:57,4.2,17.5,4.7,1179
2017-01-25 10:54:30,2017-01-25 11:19:55,2.0,16.0,3.35,1525
2017-01-08 12:08:18,2017-01-08 12:38:21,7.4,26.5,2.0,1803
2017-01-21 10:07:25,2017-01-21 10:19:14,3.3,12.5,2.65,709
2017-01-18 07:51:06,2017-01-18 08:08:48,1.79,12.0,2.56,1062
2017-01-13 19:55:31,2017-01-13 20:17:17,3.18,15.5,0.0,1306
2017-01-17 14:00:27,2017-01-17 14:24:25,2.7,16.0,5.0,1438
2017-01-17 20:17:32,2017-01-17 20:39:38,4.5,17.5,0.0,1326
2017-01-19 14:07:53,2017-01-19 14:28:23,2.6,15.0,1.5,1230
2017-01-13 19:09:19,2017-01-13 19:12:52,0.52,4.5,1.26,213
2017-01-01 10:40:55,2017-01-01 10:55:59,7.82,23.0,0.0,904
2017-01-10 12:25:07,2017-01-10 12:52:45,6.9,26.0,5.35,1658
2017-01-28 06:26:24,2017-01-28 06:31:44,3.1,10.5,0.7,320
2017-01-13 07:47:18,2017-01-13 08:15:23,1.05,16.5,3.46,1685
2017-01-20 10:29:00,2017-01-20 10:51:47,2.86,15.5,3.26,1367
2017-01-24 12:09:15,2017-01-24 12:46:58,16.0,45.0,10.25,2263
2017-01-02 08:06:06,2017-01-02 08:11:02,1.3,6.5,0.0,296
2017-01-07 17:42:23,2017-01-07 17:56:45,2.2,10.5,2.25,862
2017-01-10 22:02:30,2017-01-10 22:14:24,2.8,11.5,2.55,714
2017-01-01 17:40:01,2017-01-01 17:55:08,3.1,13.0,0.0,907
2017-01-31 11:53:10,2017-01-31 12:11:30,3.25,14.5,3.06,1100
2017-01-20 08:18:08,2017-01-20 08:23:55,0.4,5.5,1.25,347
2017-01-17 07:03:18,2017-01-17 07:10:52,1.13,7.0,1.0,454
2017-01-29 19:21:44,2017-01-29 19:26:30,0.6,5.0,0.0,286
2017-01-21 17:29:34,2017-01-21 17:42:35,2.0,10.5,3.35,781
2017-01-09 07:30:58,2017-01-09 07:43:38,2.47,11.0,0.0,760
2017-01-22 01:38:12,2017-01-22 01:41:50,0.9,5.0,1.25,218
2017-01-27 09:41:04,2017-01-27 09:51:45,2.0,9.0,2.45,641
2017-01-12 12:45:03,2017-01-12 12:53:03,0.54,6.5,1.46,480
2017-01-31 20:56:18,2017-01-31 21:02:37,0.92,6.0,2.19,379
2017-01-28 21:07:41,2017-01-28 21:23:56,3.25,14.0,0.0,975
2017-01-16 20:55:55,2017-01-16 21:24:01,11.8,34.5,7.16,1686
2017-01-06 12:42:40,2017-01-06 12:47:41,0.8,5.5,1.0,301
2017-01-26 15:14:03,2017-01-26 15:22:17,1.2,7.5,2.08,494
2017-01-29 11:48:17,2017-01-29 12:01:25,2.1,10.5,0.0,788
2017-01-26 12:12:12,2017-01-26 12:20:50,0.8,7.0,1.55,518
2017-01-24 16:27:39,2017-01-24 16:35:56,0.97,7.0,1.76,497
2017-01-05 22:21:39,2017-01-05 22:25:58,0.8,5.5,0.0,259
2017-01-17 17:57:08,2017-01-17 18:04:34,1.0,6.5,0.0,446
2017-01-26 06:22:55,2017-01-26 06:31:26,2.54,9.0,1.96,511
2017-01-20 15:57:48,2017-01-20 16:23:47,3.93,18.5,5.79,1559
2017-01-08 18:38:50,2017-01-08 18:45:54,1.4,7.5,0.0,424
2017-01-24 20:44:33,2017-01-24 20:52:17,1.16,7.0,0.0,464
2017-01-11 19:49:13,2017-01-11 20:06:46,1.4,11.5,2.65,1053
2017-01-12 12:32:37,2017-01-12 12:39:00,1.2,6.5,0.0,383
2017-01-31 08:57:40,2017-01-31 09:07:47,1.28,8.0,1.0,607
2017-01-19 07:09:25,2017-01-19 07:26:31,2.94,13.5,4.29,1026
2017-01-09 09:34:39,2017-01-09 09:47:06,1.2,9.0,2.2,747
2017-01-13 20:48:43,2017-01-13 20:52:58,0.7,5.0,0.0,255
2017-01-27 05:26:42,2017-01-27 05:31:09,1.2,6.0,1.0,267
2017-01-09 20:05:50,2017-01-09 20:12:10,0.6,5.5,1.2,380
2017-01-12 21:46:11,2017-01-12 21:51:46,0.69,5.5,0.0,335
2017-01-19 13:18:29,2017-01-19 13:31:38,2.0,10.5,1.0,789
2017-01-31 20:34:25,2017-01-31 20:39:46,0.99,5.5,1.36,321
2017-01-14 13:02:06,2017-01-14 13:11:44,2.6,10.0,2.15,578
2017-01-21 04:48:34,2017-01-21 05:07:00,9.3,27.5,0.0,1106
2017-01-06 11:45:30,2017-01-06 12:13:25,7.6,27.0,5.56,1675
2017-01-05 20:37:48,2017-01-05 20:43:01,0.83,5.5,0.0,313
2017-01-20 04:58:02,2017-01-20 05:06:23,2.64,10.5,0.0,501
2017-01-21 15:36:59,2017-01-21 15:42:44,1.0,6.0,0.0,345
2017-01-07 00:37:24,2017-01-07 00:44:00,1.67,7.5,1.0,396
2017-01-28 18:47:44,2017-01-28 19:01:54,2.06,10.5,0.0,850
2017-01-06 09:14:18,2017-01-06 09:27:25,3.0,12.0,2.56,787
2017-01-29 03:27:19,2017-01-29 03:35:00,2.2,8.5,2.0,461
2017-01-10 09:29:18,2017-01-10 09:43:02,1.2,10.0,0.0,824
2017-01-24 23:13:29,2017-01-24 23:18:30,1.06,5.5,1.0,301
2017-01-06 17:39:16,2017-01-06 18:28:10,19.6,75.0,17.75,2934
2017-01-05 18:30:03,2017-01-05 18:44:39,2.9,12.0,2.76,876
2017-01-10 17:22:28,2017-01-10 17:44:26,2.2,14.0,3.15,1318
2017-01-13 20:28:00,2017-01-13 20:37:46,1.2,8.0,1.85,586
2017-01-27 13:22:12,2017-01-27 13:37:21,2.25,11.5,0.0,909
2017-01-30 07:20:25,2017-01-30 07:41:10,7.92,24.0,6.0,1245
2017-01-10 23:19:57,2017-01-10 23:36:50,3.4,14.0,3.8,1013
2017-01-06 19:17:38,2017-01-06 19:22:17,0.5,5.0,1.35,279
2017-01-02 11:25:48,2017-01-02 11:45:01,3.7,15.5,0.0,1153
2017-01-17 21:30:42,2017-01-17 21:37:06,1.1,6.5,1.17,384
2017-01-04 08:09:36,2017-01-04 08:25:39,2.79,12.5,3.32,963
2017-01-31 10:22:13,2017-01-31 10:25:10,0.32,4.0,0.96,177
2017-01-18 17:26:47,2017-01-18 17:37:35,1.4,9.0,2.7,648
2017-01-25 09:31:35,2017-01-25 09:50:26,1.16,12.0,2.56,1131
2017-01-15 07:42:34,2017-01-15 07:48:18,1.48,7.0,1.56,344
2017-01-04 19:05:18,2017-01-04 19:11:18,0.7,5.5,1.46,360
2017-01-28 21:43:12,2017-01-28 22:14:08,2.37,19.0,4.06,1856
2017-01-22 06:25:17,2017-01-22 06:32:38,2.1,8.5,0.0,441
2017-01-22 19:19:31,2017-01-22 19:54:12,19.44,52.0,11.67,2081
2017-01-11 22:09:55,2017-01-11 22:15:54,1.0,6.0,2.15,359
2017-01-11 11:38:19,2017-01-11 11:45:23,0.63,6.0,0.0,424
2017-01-27 21:59:03,2017-01-27 22:12:48,1.4,10.0,2.25,825
2017-01-21 08:38:57,2017-01-21 08:44:18,1.42,6.5,2.19,321
2017-01-18 08:20:17,2017-01-18 08:30:02,0.83,8.0,0.0,585
2017-01-27 20:58:38,2017-01-27 21:15:29,1.3,11.5,0.0,1011
2017-01-28 02:16:56,2017-01-28 02:24:38,2.12,8.5,2.45,462
2017-01-10 09:43:33,2017-01-10 10:05:27,1.62,14.0,2.96,1314
2017-01-05 15:09:19,2017-01-05 15:27:16,3.5,15.0,3.15,1077
2017-01-13 00:11:29,2017-01-13 00:23:54,1.9,10.0,2.25,745
2017-01-01 15:48:25,2017-01-01 15:53:22,0.9,5.5,1.85,297
2017-01-30 03:43:44,2017-01-30 04:10:34,12.33,36.0,0.0,1610
2017-01-20 08:31:05,2017-01-20 08:39:20,1.3,7.5,0.0,495
2017-01-07 00:02:44,2017-01-07 00:20:22,3.0,13.5,0.0,1058
2017-01-21 23:32:24,2017-01-21 23:42:05,0.86,7.5,0.0,581
2017-01-22 12:34:38,2017-01-22 13:00:31,5.5,20.5,6.39,1553
2017-01-10 15:31:28,2017-01-10 16:19:03,6.9,30.5,0.0,2855
2017-01-20 23:09:55,2017-01-20 23:15:39,1.21,6.5,0.0,344
2017-01-30 08:57:04,2017-01-30 09:10:52,1.57,10.0,0.0,828
2017-01-24 18:11:58,2017-01-24 18:26:19,1.66,10.5,2.46,861
2017-01-21 00:26:03,2017-01-21 00:41:29,3.22,14.0,3.06,926
2017-01-27 20:24:53,2017-01-27 20:38:14,2.07,10.0,2.26,801
2017-01-27 09:25:54,2017-01-27 09:33:04,1.41,7.0,1.56,430
2017-01-29 02:31:01,2017-01-29 02:38:58,1.2,7.0,1.0,477
2017-01-10 23:22:32,2017-01-10 23:38:38,2.5,12.5,0.0,966
2017-01-05 18:32:02,2017-01-05 18:57:52,2.9,17.0,0.0,1550
2017-01-30 07:31:27,2017-01-30 07:33:36,0.7,4.0,0.0,129
2017-01-13 09:08:13,2017-01-13 09:30:50,3.0,16.0,3.35,1357
2017-01-21 19:06:29,2017-01-21 19:25:07,3.16,14.5,3.06,1118
2017-01-17 01:44:40,2017-01-17 01:44:52,18.6,58.04,5.0,12
2017-01-13 08:23:48,2017-01-13 08:30:37,1.31,6.5,0.73,409
2017-01-12 14:45:00,2017-01-12 14:57:20,0.9,8.0,1.75,740
2017-01-23 21:17:36,2017-01-23 21:22:35,1.2,6.0,1.46,299
2017-01-11 08:31:01,2017-01-11 08:45:32,1.3,10.0,1.2,871
2017-01-13 18:35:54,2017-01-13 18:56:42,2.5,14.0,3.15,1248
2017-01-01 16:51:48,2017-01-01 16:57:00,0.9,5.5,0.0,312
2017-01-18 11:59:51,2017-01-18 12:03:50,0.7,5.0,0.0,239
2017-01-03 00:59:05,2017-01-03 01:05:12,0.9,6.0,0.0,367
2017-01-25 16:45:28,2017-01-25 16:57:19,1.7,9.5,3.35,711
2017-01-10 20:20:17,2017-01-10 20:40:33,3.61,15.5,0.0,1216
2017-01-31 00:43:25,2017-01-31 00:49:51,1.06,6.5,1.95,386
2017-01-07 16:35:03,2017-01-07 18:04:30,17.34,52.0,0.0,5367
2017-01-17 19:16:05,2017-01-17 19:25:29,1.44,7.5,2.79,564
2017-01-23 04:58:21,2017-01-23 05:10:06,3.5,13.0,2.0,705
2017-01-13 07:44:47,2017-01-13 07:49:17,0.6,5.0,2.0,270
2017-01-10 15:26:18,2017-01-10 15:42:04,1.8,11.0,2.0,946
2017-01-29 21:15:31,2017-01-29 21:29:55,5.31,17.0,0.0,864
2017-01-19 21:51:27,2017-01-19 21:56:45,0.7,5.5,1.35,318
2017-01-20 02:55:05,2017-01-20 03:00:27,0.77,5.5,0.0,322
2017-01-09 13:31:34,2017-01-09 13:37:01,0.77,5.5,0.0,327
2017-01-19 17:41:45,2017-01-19 18:33:38,30.11,125.0,25.36,3113
2017-01-25 13:00:00,2017-01-25 13:34:17,5.5,24.5,6.3,2057
2017-01-18 07:37:01,2017-01-18 07:45:41,1.72,8.5,1.86,520
2017-01-21 19:30:24,2017-01-21 20:02:27,7.2,27.0,2.2,1923
2017-01-22 18:01:12,2017-01-22 18:11:15,2.1,9.5,0.0,603
2017-01-14 15:17:01,2017-01-14 15:55:52,6.38,26.0,1.0,2331
2017-01-06 17:30:51,2017-01-06 17:54:04,2.6,15.5,2.7,1393
2017-01-19 12:35:16,2017-01-19 13:07:46,12.81,37.5,8.0,1950
2017-01-19 06:15:14,2017-01-19 06:19:47,0.7,5.0,0.0,273
2017-01-10 22:23:56,2017-01-10 22:32:15,2.5,9.5,0.0,499
2017-01-13 00:36:02,2017-01-13 00:50:44,2.56,11.5,2.0,882
2017-01-25 18:56:07,2017-01-25 19:08:02,1.31,9.0,0.0,715
2017-01-28 06:02:19,2017-01-28 06:07:26,1.2,6.0,0.0,307
2017-01-20 22:02:41,2017-01-20 22:10:04,1.6,7.5,1.32,443
2017-01-24 22:49:09,2017-01-24 22:57:52,2.0,8.5,1.95,523
2017-01-09 00:40:10,2017-01-09 00:51:24,6.33,19.0,0.0,674
2017-01-27 19:52:28,2017-01-27 19:59:53,0.88,6.5,1.0,445
2017-01-07 15:11:23,2017-01-07 15:22:06,1.1,8.0,1.0,643
2017-01-28 19:09:53,2017-01-28 19:40:25,12.1,35.5,0.0,1832
2017-01-05 18:32:41,2017-01-05 18:46:21,1.7,10.0,2.35,820
2017-01-29 01:38:30,2017-01-29 01:48:34,1.6,8.5,0.0,604
2017-01-14 11:56:32,2017-01-14 12:05:49,3.08,12.0,1.0,557
2017-01-06 22:35:36,2017-01-06 23:07:37,17.64,52.0,11.67,1921
2017-01-06 09:41:16,2017-01-06 09:44:49,0.78,4.5,0.8,213
2017-01-27 08:26:31,2017-01-27 08:37:57,4.2,14.5,3.05,686
2017-01-11 14:34:26,2017-01-11 14:40:28,0.15,4.0,0.0,362
2017-01-31 09:54:44,2017-01-31 10:10:09,3.1,13.5,0.0,925
2017-01-12 12:11:24,2017-01-12 12:32:54,1.92,14.0,4.44,1290
2017-01-17 18:49:19,2017-01-17 18:56:39,0.69,6.0,1.56,440
2017-01-09 08:29:39,2017-01-09 09:10:28,17.86,52.0,11.67,2449
2017-01-26 07:39:53,2017-01-26 07:47:00,1.2,6.5,1.45,427
2017-01-27 18:30:52,2017-01-27 18:57:19,2.94,17.5,4.82,1587
2017-01-10 14:45:42,2017-01-10 15:01:53,1.66,11.0,2.36,971
2017-01-08 21:33:51,2017-01-08 21:43:09,2.0,8.5,2.45,558
2017-01-02 22:28:10,2017-01-02 22:30:12,0.37,3.5,0.96,122
2017-01-23 20:30:23,2017-01-23 20:35:18,0.5,5.0,0.0,295
2017-01-31 17:55:35,2017-01-31 18:08:50,2.87,11.5,0.0,795
2017-01-25 09:00:58,2017-01-25 09:09:46,1.35,7.5,1.66,528
2017-01-04 22:56:19,2017-01-04 23:31:25,15.26,43.5,8.96,2106
2017-01-18 20:16:54,2017-01-18 20:21:44,1.0,5.5,0.0,290
2017-01-12 22:10:10,2017-01-12 22:18:39,1.1,7.5,1.75,509
2017-01-30 16:24:17,2017-01-30 16:32:11,1.4,7.5,2.3,474
2017-01-15 19:31:18,2017-01-15 19:37:59,1.11,6.5,1.46,401
2017-01-01 02:59:39,2017-01-01 03:08:16,2.1,9.5,0.0,517
2017-01-28 19:42:23,2017-01-28 19:49:59,1.7,7.5,0.0,456
2017-01-06 12:02:56,2017-01-06 12:08:18,0.86,5.5,1.89,322
2017-01-02 09:52:26,2017-01-02 09:56:38,1.52,6.5,0.0,252
2017-01-03 08:47:34,2017-01-03 09:11:20,4.83,19.5,0.0,1426
2017-01-09 19:17:34,2017-01-09 19:23:45,0.71,6.0,1.0,371
2017-01-19 10:42:53,2017-01-19 11:00:15,6.07,21.5,0.0,1042
2017-01-11 18:53:24,2017-01-11 18:56:49,0.72,4.5,0.0,205
2017-01-24 20:37:33,2017-01-24 20:38:31,0.4,3.5,0.0,58
2017-01-23 07:00:13,2017-01-23 07:10:14,0.98,7.5,0.7,601
2017-01-06 22:36:12,2017-01-06 22:57:29,6.91,23.0,4.86,1277
2017-01-27 07:11:32,2017-01-27 07:16:35,1.04,5.5,0.0,303
2017-01-28 14:08:32,2017-01-28 14:29:06,2.8,14.5,3.8,1234
2017-01-19 21:58:21,2017-01-19 22:14:54,4.0,15.5,0.5,993
2017-01-05 14:42:12,2017-01-05 14:52:35,1.8,8.5,0.0,623
2017-01-02 18:19:47,2017-01-02 18:26:34,1.51,7.0,1.5,407
2017-01-18 09:31:09,2017-01-18 09:42:03,0.99,8.0,1.0,654
2017-01-07 12:54:12,2017-01-07 13:15:16,10.4,29.5,0.0,1264
2017-01-22 21:27:13,2017-01-22 21:31:26,1.01,5.5,1.1,253
2017-01-26 23:23:29,2017-01-26 23:34:00,2.69,10.5,3.54,631
2017-01-16 16:59:53,2017-01-16 17:04:34,1.33,6.0,1.36,281
2017-01-10 15:53:24,2017-01-10 16:06:09,1.4,9.0,2.9,765
2017-01-12 08:20:28,2017-01-12 08:40:04,2.86,14.0,3.2,1176
2017-01-14 15:19:55,2017-01-14 15:31:57,1.4,9.5,2.05,722
2017-01-11 19:42:06,2017-01-11 19:54:37,1.9,10.5,2.46,751
2017-01-14 16:34:08,2017-01-14 16:41:28,0.7,6.0,1.35,440
2017-01-30 08:19:34,2017-01-30 08:23:36,0.9,5.0,1.15,242
2017-01-15 21:12:43,2017-01-15 21:39:04,5.7,22.0,0.0,1581
2017-01-07 09:07:48,2017-01-07 09:08:40,0.39,3.0,1.0,52
2017-01-29 15:49:18,2017-01-29 15:59:46,1.3,8.0,1.32,628
2017-01-14 14:02:10,2017-01-14 14:31:57,9.46,31.0,0.0,1787
2017-01-08 18:18:23,2017-01-08 18:52:54,17.3,52.0,5.0,2071
2017-01-11 22:54:26,2017-01-11 23:19:04,4.31,18.0,0.0,1478
2017-01-18 19:40:10,2017-01-18 19:59:42,3.09,14.0,0.0,1172
2017-01-03 22:58:59,2017-01-03 23:04:11,0.87,5.5,2.04,312
2017-01-30 14:56:44,2017-01-30 15:10:07,3.16,13.0,3.45,803
2017-01-27 02:59:09,2017-01-27 03:24:49,10.5,31.5,0.0,1540
2017-01-18 07:36:07,2017-01-18 07:46:50,1.67,9.0,0.0,643
2017-01-12 13:09:19,2017-01-12 13:22:20,2.08,10.5,2.26,781
2017-01-20 22:22:26,2017-01-20 22:36:55,1.0,10.0,1.0,869
2017-01-10 08:55:33,2017-01-10 09:05:25,1.01,7.5,0.0,592
2017-01-09 09:09:24,2017-01-09 09:17:54,2.21,9.0,0.0,510
2017-01-17 14:17:07,2017-01-17 14:23:09,0.6,5.5,0.0,362
2017-01-19 06:52:04,2017-01-19 06:59:18,1.36,7.0,0.0,434
2017-01-24 15:57:17,2017-01-24 16:06:48,0.9,7.5,2.49,571
2017-01-28 13:52:25,2017-01-28 14:05:18,2.1,10.5,2.25,773
2017-01-23 06:59:16,2017-01-23 07:02:10,1.0,5.0,1.15,174
2017-01-12 20:08:39,2017-01-12 20:13:09,1.13,5.5,2.04,270
2017-01-17 00:11:25,2017-01-17 00:24:02,4.1,13.5,2.95,757
2017-01-17 19:24:21,2017-01-17 19:33:28,1.9,8.5,2.05,547
2017-01-06 17:29:22,2017-01-06 17:57:38,3.4,18.5,2.0,1696
2017-01-13 22:48:38,2017-01-13 22:55:31,0.69,6.0,1.82,413
2017-01-15 21:10:17,2017-01-15 21:31:43,4.87,18.0,3.86,1286
2017-01-22 08:28:34,2017-01-22 08:40:14,3.0,11.5,1.85,700
2017-01-28 14:44:40,2017-01-28 14:54:07,0.76,7.0,1.56,567
2017-01-09 19:48:30,2017-01-09 20:01:54,2.4,10.5,3.05,804
2017-01-30 20:42:32,2017-01-30 20:44:32,0.6,4.0,0.0,120
2017-01-28 04:16:34,2017-01-28 04:24:16,2.05,8.5,0.0,462
2017-01-13 19:19:26,2017-01-13 19:43:04,4.23,18.0,3.96,1418
2017-01-20 18:03:43,2017-01-20 18:12:37,0.9,7.0,0.0,534
2017-01-19 08:07:09,2017-01-19 08:16:05,1.37,7.0,2.34,536
2017-01-01 08:17:16,2017-01-01 08:50:35,14.8,43.5,0.0,1999
2017-01-08 16:31:43,2017-01-08 16:39:34,1.48,7.5,0.0,471
2017-01-25 00:06:12,2017-01-25 00:27:36,8.8,27.0,5.65,1284
2017-01-25 12:56:23,2017-01-25 13:07:51,0.0,8.0,0.0,688
2017-01-27 14:16:41,2017-01-27 14:22:31,1.23,6.0,0.5,350
2017-01-23 13:54:06,2017-01-23 14:00:59,0.76,6.0,0.0,413
2017-01-16 05:08:58,2017-01-16 05:15:58,3.1,10.0,2.8,420
2017-01-07 21:58:18,2017-01-07 22:11:11,2.3,10.5,0.0,773
2017-01-24 17:30:25,2017-01-24 17:44:16,2.4,11.0,2.4,831
2017-01-17 22:26:06,2017-01-17 22:28:35,0.42,3.5,0.0,149
2017-01-07 22:39:16,2017-01-07 23:03:20,3.16,16.0,0.0,1444
2017-01-06 16:00:42,2017-01-06 16:27:47,4.14,18.5,0.0,1625
2017-01-31 21:01:37,2017-01-31 21:08:54,1.34,7.0,1.66,437
2017-01-10 05:40:12,2017-01-10 05:42:22,0.4,4.0,0.0,130
2017-01-04 14:18:10,2017-01-04 14:25:43,1.21,7.0,0.0,453
2017-01-22 10:42:51,2017-01-22 10:48:49,1.4,7.0,0.0,358
2017-01-09 18:05:28,2017-01-09 18:23:59,1.74,12.5,1.5,1111
2017-01-19 23:37:40,2017-01-19 23:41:20,0.62,4.5,1.16,220
2017-01-04 08:11:58,2017-01-04 08:26:37,2.09,9.5,1.0,879
2017-01-26 07:21:23,2017-01-26 07:29:40,1.5,7.5,2.45,497
2017-01-15 11:15:14,2017-01-15 11:18:47,0.59,4.5,1.0,213
2017-01-09 14:20:53,2017-01-09 14:28:04,0.6,6.0,1.35,431
2017-01-04 10:46:40,2017-01-04 11:03:36,2.0,12.0,0.0,1016
2017-01-15 17:03:49,2017-01-15 17:20:59,2.4,12.5,0.0,1030
2017-01-17 18:37:26,2017-01-17 18:50:56,1.81,10.5,1.84,810
2017-01-06 04:05:42,2017-01-06 04:20:13,4.3,15.0,2.0,871
2017-01-14 23:23:50,2017-01-14 23:32:50,1.83,8.5,1.96,540
2017-01-20 15:03:10,2017-01-20 15:10:48,0.95,7.0,0.0,458
2017-01-30 16:16:00,2017-01-30 16:17:22,0.2,3.0,0.0,82
2017-01-09 04:47:15,2017-01-09 04:50:18,0.9,5.0,1.25,183
2017-01-12 20:48:24,2017-01-12 21:00:20,1.49,9.0,0.0,716
2017-01-23 12:37:18,2017-01-23 12:50:03,2.0,10.5,0.0,765
2017-01-17 11:29:59,2017-01-17 11:44:06,1.1,10.0,1.08,847
2017-01-30 00:18:45,2017-01-30 00:25:27,2.3,9.0,0.0,402
2017-01-08 12:52:55,2017-01-08 13:37:32,11.7,39.0,5.0,2677
2017-01-16 16:33:27,2017-01-16 16:41:14,0.82,6.5,0.0,467
2017-01-27 20:58:58,2017-01-27 21:03:51,1.0,5.5,0.0,293
2017-01-17 10:22:40,2017-01-17 10:41:22,1.2,12.0,1.28,1122
2017-01-26 07:43:54,2017-01-26 07:56:49,2.0,10.0,2.7,775
2017-01-13 06:50:14,2017-01-13 06:53:37,0.8,5.0,0.0,203
2017-01-11 09:27:41,2017-01-11 09:42:22,1.24,10.0,0.0,881
2017-01-04 08:17:24,2017-01-04 08:21:24,0.89,5.0,0.0,240
2017-01-12 19:21:05,2017-01-12 19:27:33,1.03,6.0,1.0,388
2017-01-28 09:20:36,2017-01-28 09:22:35,0.5,4.0,1.0,119
2017-01-17 13:41:27,2017-01-17 14:08:40,7.17,24.0,7.44,1633
2017-01-12 19:05:06,2017-01-12 19:22:26,2.3,13.0,3.7,1040
2017-01-08 14:44:24,2017-01-08 14:46:56,0.56,4.0,0.96,152
2017-01-05 07:46:02,2017-01-05 07:59:01,1.77,10.0,2.16,779
2017-01-27 20:01:57,2017-01-27 20:11:58,1.44,8.0,1.86,601
2017-01-01 15:40:35,2017-01-01 16:05:58,5.1,19.5,0.0,1523
2017-01-07 02:33:35,2017-01-07 02:56:38,6.4,21.5,4.55,1383
2017-01-09 07:47:44,2017-01-09 07:54:52,1.37,7.0,0.0,428
2017-01-20 10:33:09,2017-01-20 10:49:32,2.7,13.0,2.75,983
2017-01-25 15:07:32,2017-01-25 15:21:55,1.2,10.0,0.0,863
2017-01-19 21:38:08,2017-01-19 22:11:33,3.62,20.5,0.0,2005
2017-01-14 15:07:17,2017-01-14 15:23:53,2.1,12.0,1.92,996
2017-01-16 22:25:44,2017-01-16 22:32:57,1.6,7.5,0.0,433
2017-01-06 11:20:40,2017-01-06 11:40:07,3.2,14.5,0.0,1167
2017-01-19 07:53:56,2017-01-19 08:10:17,1.62,11.5,1.84,981
2017-01-19 12:58:13,2017-01-19 13:18:37,4.4,17.0,0.0,1224
2017-01-08 00:31:54,2017-01-08 00:37:17,0.92,5.5,0.0,323
2017-01-24 18:48:45,2017-01-24 18:59:28,1.5,8.5,0.7,643
2017-01-27 14:51:07,2017-01-27 15:11:10,2.0,13.5,0.0,1203
2017-01-06 20:19:31,2017-01-06 20:20:49,0.44,3.5,0.75,78
2017-01-27 21:15:57,2017-01-27 21:22:15,0.98,6.5,1.56,378
2017-01-02 10:17:43,2017-01-02 10:24:34,1.92,7.5,1.24,411
2017-01-14 13:30:30,2017-01-14 13:31:56,0.35,3.0,0.0,86
2017-01-22 15:07:38,2017-01-22 15:17:14,2.1,9.0,0.0,576
2017-01-31 07:04:54,2017-01-31 07:12:31,1.3,7.0,1.56,457
2017-01-16 13:47:16,2017-01-16 13:55:27,1.53,7.5,2.08,491
2017-01-23 12:08:30,2017-01-23 12:27:33,1.97,12.5,0.0,1143
2017-01-07 13:18:29,2017-01-07 13:34:31,2.65,12.0,2.56,962
2017-01-21 08:09:16,2017-01-21 08:34:58,11.3,33.0,9.8,1542
2017-01-30 20:36:46,2017-01-30 20:49:53,2.6,12.0,0.0,787
2017-01-07 02:05:42,2017-01-07 02:08:14,0.3,3.5,0.95,152
2017-01-14 18:16:53,2017-01-14 18:21:51,0.66,5.5,0.0,298
2017-01-03 13:43:38,2017-01-03 13:55:16,1.4,9.0,1.5,698
2017-01-01 01:47:34,2017-01-01 02:00:44,1.67,10.0,0.0,790
2017-01-22 19:51:56,2017-01-22 20:12:39,6.0,21.0,4.35,1243
2017-01-24 22:05:02,2017-01-24 22:33:56,6.6,24.0,5.05,1734
2017-01-06 22:49:45,2017-01-06 23:01:51,2.5,11.0,2.0,726
2017-01-25 04:13:01,2017-01-25 04:41:55,15.94,44.5,13.74,1734
2017-01-23 22:38:32,2017-01-23 22:53:08,3.69,14.0,0.0,876
2017-01-31 08:49:53,2017-01-31 09:01:51,2.02,10.0,2.16,718
2017-01-28 00:46:39,2017-01-28 00:47:46,0.37,3.0,0.0,67
2017-01-18 06:28:32,2017-01-18 06:31:22,0.41,4.0,3.0,170
2017-01-07 19:02:15,2017-01-07 19:11:48,1.0,7.5,0.0,573
2017-01-26 23:13:08,2017-01-26 23:40:34,7.03,23.5,4.96,1646
2017-01-13 21:08:25,2017-01-13 21:23:06,1.67,10.5,1.0,881
2017-01-27 15:55:51,2017-01-27 16:04:51,1.23,7.5,1.0,540
2017-01-25 14:13:09,2017-01-25 14:28:21,2.96,12.5,3.32,912
2017-01-07 21:20:20,2017-01-07 21:24:25,1.05,5.5,1.0,245
2017-01-14 23:14:26,2017-01-14 23:38:01,5.8,21.5,2.0,1415
2017-01-01 23:56:42,2017-01-02 00:00:21,1.13,5.5,1.36,219
2017-01-02 21:41:08,2017-01-02 21:47:03,1.0,6.5,0.0,355
2017-01-10 23:30:03,2017-01-10 23:49:41,4.5,17.5,3.76,1178
2017-01-31 14:14:19,2017-01-31 14:30:24,2.2,11.5,2.45,965
2017-01-01 13:58:50,2017-01-01 14:50:02,20.92,52.0,8.0,3072
2017-01-08 10:37:52,2017-01-08 10:41:56,1.1,5.5,0.0,244
2017-01-06 13:40:49,2017-01-06 13:46:25,0.86,5.5,0.0,336
2017-01-17 15:44:36,2017-01-17 16:16:12,9.1,28.5,0.0,1896
2017-01-12 09:29:33,2017-01-12 09:39:15,1.4,8.5,1.85,582
2017-01-29 02:55:34,2017-01-29 03:09:07,3.39,13.5,2.96,813
2017-01-20 18:29:00,2017-01-20 18:32:02,0.4,4.0,0.0,182
2017-01-14 14:44:39,2017-01-14 14:52:57,0.77,6.5,1.46,498
2017-01-08 15:32:55,2017-01-08 16:18:07,18.06,52.0,17.5,2712
2017-01-09 17:42:17,2017-01-09 17:49:58,1.2,7.0,0.0,461
2017-01-23 01:46:46,2017-01-23 01:49:23,0.6,4.5,0.0,157
2017-01-04 17:51:44,2017-01-04 18:09:13,2.39,12.5,2.86,1049
2017-01-25 11:56:48,2017-01-25 12:09:07,1.0,8.5,1.85,739
2017-01-11 23:06:56,2017-01-11 23:20:32,1.8,10.5,2.36,816
2017-01-22 02:08:47,2017-01-22 02:12:10,0.7,4.5,1.15,203
2017-01-15 13:25:57,2017-01-15 13:36:53,2.3,10.5,2.25,656
2017-01-10 22:12:19,2017-01-10 22:41:45,7.0,25.0,5.26,1766
2017-01-01 01:07:47,2017-01-01 01:34:14,3.6,18.5,5.9,1587
2017-01-28 12:09:25,2017-01-28 12:14:38,1.18,6.0,1.7,313
2017-01-12 20:06:35,2017-01-12 20:15:27,1.7,8.5,0.0,532
2017-01-18 19:46:16,2017-01-18 19:59:05,3.56,13.0,2.96,769
2017-01-24 15:54:45,2017-01-24 16:04:28,1.05,7.5,1.66,583
2017-01-26 08:45:08,2017-01-26 08:59:29,1.18,10.0,2.16,861
2017-01-31 11:25:23,2017-01-31 11:33:17,0.79,6.5,0.0,474
2017-01-07 01:27:21,2017-01-07 01:36:15,2.24,9.0,0.0,534
2017-01-26 21:08:49,2017-01-26 21:13:25,0.9,5.5,0.0,276
2017-01-18 16:55:53,2017-01-18 17:33:34,2.75,23.0,4.96,2261
2017-01-25 16:07:09,2017-01-25 16:22:21,1.9,11.5,2.0,912
2017-01-17 09:10:05,2017-01-17 09:17:38,0.8,6.5,2.15,453
2017-01-15 01:07:22,2017-01-15 01:26:47,2.7,14.0,0.0,1165
2017-01-25 13:07:43,2017-01-25 13:18:33,1.6,9.0,1.5,650
2017-01-24 14:37:21,2017-01-24 14:57:07,2.03,13.0,2.07,1186
2017-01-17 07:37:35,2017-01-17 07:42:45,0.9,5.5,1.0,310
2017-01-11 14:42:49,2017-01-11 15:19:01,9.9,35.0,8.25,2172
2017-01-29 08:28:18,2017-01-29 08:29:56,0.5,3.5,1.7,98
2017-01-29 10:44:04,2017-01-29 11:00:51,3.32,14.0,1.5,1007
2017-01-30 12:31:52,2017-01-30 12:35:14,0.8,4.5,1.05,202
2017-01-24 08:47:21,2017-01-24 09:24:03,19.56,52.0,0.0,2202
2017-01-22 12:01:44,2017-01-22 12:05:22,0.4,4.5,0.0,218
2017-01-30 16:16:28,2017-01-30 16:25:12,1.5,8.0,2.0,524
2017-01-18 08:45:46,2017-01-18 08:53:12,0.65,6.0,1.7,446
2017-01-16 21:01:42,2017-01-16 21:17:25,3.1,13.0,2.85,943
2017-01-08 10:02:57,2017-01-08 10:08:44,2.6,8.5,2.3,347
2017-01-01 02:47:39,2017-01-01 02:49:32,0.23,3.0,0.0,113
2017-01-06 16:59:01,2017-01-06 17:08:43,1.54,8.5,0.0,582
2017-01-06 16:51:26,2017-01-06 17:00:57,1.59,8.5,0.0,571
2017-01-16 14:06:01,2017-01-16 14:13:44,0.91,6.5,1.46,463
2017-01-06 22:15:13,2017-01-06 22:21:21,1.1,6.5,0.0,368
2017-01-27 14:10:09,2017-01-27 14:33:53,2.2,15.0,3.95,1424
2017-01-30 12:15:11,2017-01-30 12:27:17,1.7,9.5,0.0,726
2017-01-29 11:58:09,2017-01-29 12:02:02,1.36,5.5,1.0,233
2017-01-01 17:27:28,2017-01-01 17:44:31,3.35,14.0,2.96,1023
2017-01-20 23:41:17,2017-01-20 23:46:17,0.76,5.5,1.0,300
2017-01-02 17:14:14,2017-01-02 17:54:22,16.6,52.0,11.67,2408
2017-01-20 06:47:33,2017-01-20 06:54:48,2.0,8.0,0.0,435
2017-01-29 02:14:15,2017-01-29 02:21:41,2.5,9.5,2.16,446
2017-01-13 15:27:28,2017-01-13 15:37:50,1.64,9.0,1.96,622
2017-01-27 21:13:37,2017-01-27 21:34:38,2.71,14.5,2.0,1261
2017-01-28 01:49:51,2017-01-28 01:58:30,1.46,7.5,2.2,519
2017-01-19 11:23:48,2017-01-19 12:13:57,12.56,45.0,0.0,3009
2017-01-23 09:30:02,2017-01-23 09:40:01,1.42,8.0,1.0,599
2017-01-09 19:59:46,2017-01-09 20:23:01,6.3,22.5,4.86,1395
2017-01-31 19:10:21,2017-01-31 19:21:29,1.6,9.0,0.0,668
2017-01-19 10:55:08,2017-01-19 11:01:02,0.47,5.5,0.0,354
2017-01-17 20:45:02,2017-01-17 20:58:37,2.54,11.5,3.2,815
2017-01-23 06:49:39,2017-01-23 07:05:02,2.8,11.0,2.35,923
2017-01-31 21:13:54,2017-01-31 21:21:36,1.3,7.0,1.0,462
2017-01-01 20:30:39,2017-01-01 20:37:13,1.5,7.0,1.0,394
2017-01-22 11:43:32,2017-01-22 11:52:52,1.96,9.0,1.96,560
2017-01-13 09:50:58,2017-01-13 10:00:42,1.37,8.0,1.76,584
2017-01-11 23:23:50,2017-01-11 23:42:57,5.2,17.5,3.75,1147
2017-01-06 17:29:35,2017-01-06 18:06:39,17.5,52.0,0.0,2224
2017-01-15 12:07:08,2017-01-15 12:16:15,1.8,9.0,1.95,547
2017-01-28 00:33:54,2017-01-28 00:36:19,0.6,4.0,0.0,145
2017-01-06 14:20:43,2017-01-06 14:37:40,2.0,12.0,3.0,1017
2017-01-02 20:41:43,2017-01-02 20:49:33,1.2,7.0,1.65,470
2017-01-08 18:48:25,2017-01-08 18:54:35,1.1,6.5,3.0,370
2017-01-24 07:41:17,2017-01-24 07:49:33,1.2,7.0,1.55,496
2017-01-15 22:12:02,2017-01-15 22:24:24,3.13,12.0,2.66,742
2017-01-18 20:05:35,2017-01-18 20:10:49,0.7,5.5,0.0,314
2017-01-27 23:41:49,2017-01-27 23:52:49,1.4,8.5,1.95,660
2017-01-28 18:41:55,2017-01-28 18:46:46,0.65,5.0,1.16,291
2017-01-28 20:22:21,2017-01-28 20:49:49,6.0,22.5,5.95,1648
2017-01-21 23:52:14,2017-01-22 00:04:28,1.5,9.5,2.15,734
2017-01-15 08:00:51,2017-01-15 08:03:09,0.77,4.5,1.06,138
2017-01-26 19:42:55,2017-01-26 19:50:56,1.89,8.0,1.5,481
2017-01-23 08:22:02,2017-01-23 08:36:40,2.3,11.5,2.0,878
2017-01-14 00:08:44,2017-01-14 00:28:51,2.8,14.0,3.05,1207
2017-01-05 20:12:49,2017-01-05 20:29:42,4.6,16.5,3.0,1013
2017-01-17 20:59:47,2017-01-17 21:16:05,2.2,12.0,2.65,978
2017-01-03 07:24:35,2017-01-03 07:35:22,1.74,9.0,1.96,647
2017-01-10 17:51:03,2017-01-10 17:54:51,0.5,4.5,1.0,228
2017-01-28 20:13:19,2017-01-28 20:27:57,1.89,10.5,2.36,878
2017-01-09 22:10:21,2017-01-09 22:15:40,1.2,6.0,1.45,319
2017-01-17 12:12:57,2017-01-17 12:27:36,1.6,10.5,0.0,879
2017-01-13 07:52:12,2017-01-13 08:06:26,2.83,12.0,1.0,854
2017-01-10 12:39:53,2017-01-10 12:55:09,2.21,11.5,2.46,916
2017-01-14 12:31:47,2017-01-14 12:34:37,0.9,5.0,1.45,170
2017-01-12 08:28:26,2017-01-12 08:44:17,1.83,11.5,0.0,951
2017-01-20 20:12:55,2017-01-20 20:21:07,0.8,6.5,1.55,492
2017-01-18 07:05:23,2017-01-18 07:15:42,1.16,7.0,0.0,619
2017-01-31 16:13:09,2017-01-31 16:24:48,2.1,10.0,0.0,699
2017-01-23 21:37:09,2017-01-23 21:45:14,1.86,8.5,2.45,485
2017-01-14 14:45:20,2017-01-14 14:53:43,1.1,7.0,0.0,503
2017-01-25 11:18:26,2017-01-25 11:32:06,2.8,12.0,2.55,820
2017-01-20 21:13:36,2017-01-20 21:21:10,1.3,7.0,1.0,454
2017-01-24 08:10:56,2017-01-24 08:21:40,1.4,9.0,1.95,644
2017-01-04 13:06:36,2017-01-04 13:37:01,2.39,18.5,0.0,1825
2017-01-25 22:42:10,2017-01-25 22:52:02,1.6,8.5,1.96,592
2017-01-16 20:42:32,2017-01-16 20:47:25,0.95,5.5,2.04,293
2017-01-09 15:06:02,2017-01-09 15:17:40,0.9,8.5,0.0,698
2017-01-08 13:01:47,2017-01-08 13:15:35,2.6,11.5,2.46,828
2017-01-02 19:10:47,2017-01-02 19:16:33,0.96,6.0,0.0,346
2017-01-25 14:04:41,2017-01-25 14:08:02,0.5,4.5,1.05,201
2017-01-08 11:27:21,2017-01-08 11:37:24,1.29,8.0,1.76,603
2017-01-11 07:03:53,2017-01-11 07:15:12,1.8,9.5,2.55,679
2017-01-17 21:13:07,2017-01-17 21:41:56,5.4,21.5,0.0,1729
2017-01-07 00:19:22,2017-01-07 00:29:45,2.3,10.0,0.0,623
2017-01-26 23:37:29,2017-01-26 23:49:32,2.1,10.0,2.25,723
2017-01-17 13:09:48,2017-01-17 13:29:33,3.37,15.5,3.26,1185
2017-01-26 10:26:51,2017-01-26 10:38:20,1.8,10.0,2.15,689
2017-01-21 14:33:14,2017-01-21 14:40:28,0.9,6.5,1.45,434
2017-01-05 10:23:13,2017-01-05 10:41:16,10.03,28.5,0.0,1083
2017-01-22 20:15:12,2017-01-22 20:48:23,18.8,52.0,5.0,1991
2017-01-20 09:31:17,2017-01-20 09:49:15,3.39,14.5,0.0,1078
2017-01-12 18:37:21,2017-01-12 18:40:37,0.7,4.5,0.0,196
2017-01-06 07:54:18,2017-01-06 07:58:36,0.7,5.0,1.45,258
2017-01-26 15:03:13,2017-01-26 15:12:52,0.9,7.5,1.65,579
2017-01-28 02:45:11,2017-01-28 02:58:51,3.77,13.0,4.96,820
2017-01-18 22:39:41,2017-01-18 22:50:52,2.04,10.5,2.36,671
2017-01-24 17:40:10,2017-01-24 17:49:20,1.39,7.5,0.0,550
2017-01-06 15:39:55,2017-01-06 15:59:46,2.5,14.5,4.85,1191
2017-01-31 12:40:36,2017-01-31 12:49:37,1.46,8.0,1.76,541
2017-01-28 13:16:22,2017-01-28 13:26:36,0.77,7.5,0.0,614
2017-01-20 09:15:24,2017-01-20 09:17:40,0.7,4.0,0.95,136
2017-01-07 08:38:53,2017-01-07 08:47:47,1.94,8.0,0.0,534
2017-01-11 10:29:01,2017-01-11 10:38:24,1.8,8.5,1.85,563
2017-01-27 13:28:07,2017-01-27 13:38:34,1.8,8.5,1.86,627
2017-01-28 14:43:09,2017-01-28 14:48:27,0.6,5.0,1.7,318
2017-01-12 23:57:48,2017-01-13 00:00:39,0.54,4.0,0.0,171
2017-01-14 15:34:59,2017-01-14 15:55:31,2.4,14.0,0.0,1232
2017-01-02 17:58:44,2017-01-02 18:05:32,1.43,7.0,1.56,408
2017-01-29 14:45:29,2017-01-29 14:53:54,1.63,8.0,0.0,505
2017-01-04 21:57:56,2017-01-04 22:04:37,2.43,8.5,0.0,401
2017-01-01 01:48:12,2017-01-01 01:55:19,1.6,7.5,1.75,427
2017-01-17 13:03:57,2017-01-17 13:14:58,0.61,8.0,0.0,661
2017-01-20 16:44:33,2017-01-20 16:48:10,0.4,4.5,1.0,217
2017-01-11 19:41:48,2017-01-11 19:53:36,3.4,12.0,0.0,708
2017-01-30 00:05:07,2017-01-30 00:15:02,3.55,12.0,2.66,595
2017-01-24 11:16:25,2017-01-24 11:21:37,0.73,5.5,0.0,312
2017-01-26 18:20:35,2017-01-26 18:23:22,0.37,4.0,0.0,167
2017-01-27 19:40:02,2017-01-27 19:47:04,2.11,8.0,0.0,422
2017-01-13 17:41:49,2017-01-13 17:55:48,1.8,10.5,0.0,839
2017-01-05 11:51:55,2017-01-05 12:09:22,2.0,12.5,3.06,1047
2017-01-21 12:26:10,2017-01-21 12:33:00,0.6,6.0,0.0,410
2017-01-24 14:59:30,2017-01-24 14:59:30,0.0,20.0,0.0,0
2017-01-03 15:56:33,2017-01-03 16:20:39,3.1,16.5,0.0,1446
2017-01-05 06:51:22,2017-01-05 07:15:55,12.62,35.5,4.0,1473
2017-01-12 19:04:40,2017-01-12 19:10:59,1.08,6.5,1.66,379
2017-01-31 12:05:08,2017-01-31 12:15:11,1.44,8.5,0.0,603
2017-01-27 15:48:20,2017-01-27 15:56:40,1.15,7.5,0.0,500
2017-01-25 22:08:25,2017-01-25 22:20:49,2.3,10.5,2.35,744
2017-01-12 22:20:22,2017-01-12 22:27:10,1.97,7.5,3.0,408
2017-01-27 07:22:30,2017-01-27 07:52:14,13.1,39.0,11.9,1784
2017-01-02 21:31:32,2017-01-02 21:42:31,1.9,9.0,3.05,659
2017-01-14 14:27:21,2017-01-14 14:40:33,2.18,11.0,2.36,792
2017-01-28 23:44:09,2017-01-28 23:56:40,1.58,9.5,0.0,751
2017-01-10 12:14:06,2017-01-10 12:39:16,1.4,15.5,3.25,1510
2017-01-08 10:56:25,2017-01-08 11:02:39,0.94,6.5,1.46,374
2017-01-08 13:38:01,2017-01-08 13:43:47,0.9,5.5,0.63,346
2017-01-15 08:58:03,2017-01-15 09:06:04,1.93,8.5,0.93,481
2017-01-13 13:44:55,2017-01-13 13:56:25,1.8,9.0,1.95,690
2017-01-31 20:25:28,2017-01-31 20:32:29,1.1,6.5,1.5,421
2017-01-02 09:18:01,2017-01-02 09:24:05,1.1,6.5,1.45,364
2017-01-14 00:03:55,2017-01-14 00:09:05,0.8,5.0,0.0,310
2017-01-05 08:21:52,2017-01-05 08:37:26,6.5,19.5,4.05,934
2017-01-13 21:53:41,2017-01-13 22:00:13,1.0,6.5,1.95,392
2017-01-20 01:02:32,2017-01-20 01:06:56,0.8,5.0,1.25,264
2017-01-19 18:29:18,2017-01-19 18:43:22,0.66,9.5,2.26,844
2017-01-27 19:26:27,2017-01-27 19:53:02,4.41,19.0,5.2,1595
2017-01-16 15:03:47,2017-01-16 15:09:28,1.1,6.5,1.25,341
2017-01-11 13:53:20,2017-01-11 14:11:58,1.61,12.5,3.99,1118
2017-01-03 08:50:03,2017-01-03 08:52:40,0.5,4.0,0.95,157
2017-01-03 18:30:54,2017-01-03 18:50:11,2.34,13.5,3.06,1157
2017-01-22 15:04:32,2017-01-22 15:14:05,1.31,8.0,1.76,573
2017-01-16 11:08:45,2017-01-16 11:22:44,3.09,12.5,3.32,839
2017-01-11 21:10:29,2017-01-11 21:28:21,2.4,12.5,0.0,1072
2017-01-21 02:33:01,2017-01-21 02:49:17,4.5,16.0,0.0,976
2017-01-08 00:08:09,2017-01-08 00:16:11,1.49,7.5,1.76,482
2017-01-12 19:11:10,2017-01-12 19:28:49,1.8,12.0,2.75,1059
2017-01-01 17:56:07,2017-01-01 17:59:12,0.5,4.0,0.0,185
2017-01-30 07:18:39,2017-01-30 07:44:42,8.26,27.0,0.0,1563
2017-01-17 11:44:40,2017-01-17 12:06:45,2.3,14.5,0.0,1325
2017-01-02 21:45:21,2017-01-02 21:54:33,1.55,8.0,0.0,552
2017-01-10 13:43:52,2017-01-10 13:51:34,1.2,7.0,1.55,462
2017-01-21 18:49:07,2017-01-21 18:58:32,1.92,9.0,2.45,565
2017-01-23 20:27:59,2017-01-23 20:36:02,1.78,8.5,1.96,483
2017-01-15 13:51:11,2017-01-15 14:01:32,1.67,9.0,2.94,621
2017-01-03 07:18:11,2017-01-03 07:25:39,1.5,7.5,1.25,448
2017-01-30 13:38:35,2017-01-30 13:43:06,1.1,6.0,1.0,271
2017-01-24 16:34:17,2017-01-24 16:39:40,0.6,5.0,1.35,323
2017-01-11 18:44:21,2017-01-11 18:51:08,1.5,7.0,1.75,407
2017-01-27 07:50:08,2017-01-27 08:01:03,0.97,8.0,0.0,655
2017-01-14 20:12:33,2017-01-14 20:28:12,0.99,10.5,2.36,939
2017-01-05 15:42:54,2017-01-05 15:45:56,0.4,4.0,0.0,182
2017-01-04 09:02:51,2017-01-04 09:12:25,3.87,13.5,2.86,574
2017-01-27 23:36:15,2017-01-27 23:54:50,1.44,12.5,0.0,1115
2017-01-21 04:52:49,2017-01-21 05:02:13,1.81,9.0,0.0,564
2017-01-28 21:33:44,2017-01-28 21:55:35,4.84,18.5,0.0,1311
2017-01-10 17:55:17,2017-01-10 18:04:15,1.4,8.0,1.0,538
2017-01-22 13:14:40,2017-01-22 13:16:58,0.3,3.5,1.05,138
2017-01-30 06:55:40,2017-01-30 06:58:52,0.64,4.5,1.06,192
2017-01-09 11:24:26,2017-01-09 11:46:57,8.1,26.0,6.45,1351
2017-01-10 16:34:22,2017-01-10 16:37:49,0.84,5.0,1.7,207
2017-01-24 10:22:10,2017-01-24 10:28:14,0.6,5.5,1.25,364
2017-01-12 18:25:34,2017-01-12 19:19:19,15.9,52.0,12.57,3225
2017-01-28 19:34:59,2017-01-28 19:38:03,0.4,4.0,1.16,184
2017-01-05 00:18:09,2017-01-05 00:22:42,0.8,4.5,2.0,273
2017-01-30 15:29:49,2017-01-30 15:53:23,4.2,18.5,3.85,1414
2017-01-15 21:36:31,2017-01-15 21:52:25,3.63,14.0,0.0,954
2017-01-22 10:09:43,2017-01-22 10:14:35,1.4,6.0,1.35,292
2017-01-21 13:25:23,2017-01-21 13:41:07,2.81,13.0,2.0,944
2017-01-14 00:31:27,2017-01-14 00:57:19,5.0,18.5,0.0,1552
2017-01-12 11:55:49,2017-01-12 12:04:12,0.56,6.5,1.46,503
2017-01-07 01:37:38,2017-01-07 01:51:15,7.0,21.5,0.0,817
2017-01-27 14:17:44,2017-01-27 14:19:40,0.27,3.5,1.29,116
2017-01-15 07:11:39,2017-01-15 07:24:27,4.12,14.0,0.0,768
2017-01-31 16:49:47,2017-01-31 16:54:24,0.72,5.0,1.36,277
2017-01-14 11:18:04,2017-01-14 11:21:56,1.1,5.5,1.0,232
2017-01-06 22:54:23,2017-01-06 23:02:33,1.57,8.0,2.32,490
2017-01-20 19:45:04,2017-01-20 19:58:13,3.3,12.0,2.75,789
2017-01-16 17:22:45,2017-01-16 17:58:24,16.69,46.5,10.57,2139
2017-01-24 14:23:57,2017-01-24 14:47:43,2.1,15.5,0.0,1426
2017-01-24 08:33:44,2017-01-24 08:40:53,0.87,6.0,0.0,429
2017-01-04 19:08:34,2017-01-04 19:16:01,0.78,6.0,0.0,447
2017-01-01 11:51:38,2017-01-01 11:55:32,0.9,5.0,1.0,234
2017-01-14 22:16:48,2017-01-14 22:55:10,20.65,56.0,0.0,2302
2017-01-17 18:19:38,2017-01-17 18:24:37,1.0,6.0,0.0,299
2017-01-24 16:20:40,2017-01-24 16:29:57,1.06,7.5,1.86,557
2017-01-19 22:14:25,2017-01-19 22:16:32,0.4,3.5,0.0,127
2017-01-03 20:04:48,2017-01-03 20:12:44,2.85,10.5,1.0,476
2017-01-29 15:35:01,2017-01-29 15:46:21,1.9,10.0,2.15,680
2017-01-24 12:02:43,2017-01-24 12:07:24,0.17,4.5,0.0,281
2017-01-17 22:43:03,2017-01-17 23:22:50,7.99,30.5,6.36,2387
2017-01-19 11:26:44,2017-01-19 11:30:55,0.4,4.5,1.55,251
2017-01-01 13:09:39,2017-01-01 13:13:36,1.13,5.5,1.58,237
2017-01-08 04:14:17,2017-01-08 04:18:17,0.7,5.0,3.0,240
2017-01-05 11:32:18,2017-01-05 11:48:37,1.88,11.5,0.0,979
2017-01-12 12:30:03,2017-01-12 12:53:35,1.46,14.5,3.06,1412
2017-01-12 20:16:53,2017-01-12 20:42:50,4.15,18.5,3.96,1557
2017-01-18 08:32:02,2017-01-18 08:35:17,0.5,4.5,0.0,195
2017-01-21 12:42:44,2017-01-21 13:09:13,5.7,21.5,0.0,1589
2017-01-04 08:46:20,2017-01-04 08:59:52,2.0,11.0,0.0,812
2017-01-18 07:19:48,2017-01-18 07:24:03,0.7,5.0,1.0,255
2017-01-17 12:10:00,2017-01-17 12:15:10,0.8,5.5,1.0,310
2017-01-18 09:51:56,2017-01-18 09:58:18,0.97,6.0,1.36,382
2017-01-22 01:07:26,2017-01-22 01:25:43,3.26,14.0,0.0,1097
2017-01-04 17:17:39,2017-01-04 17:29:17,1.27,9.0,0.0,698
2017-01-01 20:33:38,2017-01-01 20:38:05,1.38,6.0,1.46,267
2017-01-02 09:14:39,2017-01-02 09:29:15,3.7,14.5,1.5,876
2017-01-08 18:33:05,2017-01-08 18:40:34,1.18,7.0,1.56,449
2017-01-18 08:12:57,2017-01-18 08:48:45,5.3,24.0,0.0,2148
2017-01-07 15:13:52,2017-01-07 15:24:28,1.1,8.0,0.0,636
2017-01-24 10:58:01,2017-01-24 11:15:48,2.1,12.0,0.0,1067
2017-01-19 18:27:31,2017-01-19 18:44:46,1.6,11.5,0.0,1035
2017-01-22 03:44:09,2017-01-22 03:50:35,2.1,8.0,2.97,386
2017-01-29 17:30:15,2017-01-29 17:50:48,3.3,15.5,0.0,1233
2017-01-31 13:59:21,2017-01-31 14:15:14,1.97,12.0,1.0,953
2017-01-19 07:12:35,2017-01-19 07:18:10,0.79,5.5,0.75,335
2017-01-31 13:09:20,2017-01-31 13:20:59,1.0,8.5,2.3,699
2017-01-18 11:37:44,2017-01-18 11:44:49,0.69,6.0,0.0,425
2017-01-05 17:32:47,2017-01-05 17:54:52,4.43,18.0,0.0,1325
2017-01-07 14:03:35,2017-01-07 14:11:59,1.3,7.0,1.56,504
2017-01-28 19:25:49,2017-01-28 19:32:30,0.91,6.5,0.0,401
2017-01-30 07:46:06,2017-01-30 07:49:44,0.56,4.5,1.32,218
2017-01-17 14:44:31,2017-01-17 14:53:55,0.63,7.0,0.0,564
2017-01-27 12:57:56,2017-01-27 13:26:00,7.8,26.5,5.46,1684
2017-01-08 20:36:14,2017-01-08 20:45:29,1.9,8.5,2.0,555
2017-01-04 14:31:44,2017-01-04 14:39:03,0.59,6.0,1.36,439
2017-01-26 13:12:57,2017-01-26 13:29:57,1.5,11.5,1.0,1020
2017-01-11 18:40:17,2017-01-11 19:01:48,2.4,15.0,4.2,1291
2017-01-21 06:27:19,2017-01-21 06:29:02,0.6,4.0,0.95,103
2017-01-12 13:38:02,2017-01-12 14:00:00,7.1,24.0,1.0,1318
2017-01-25 06:11:56,2017-01-25 06:16:55,1.2,6.0,1.0,299
2017-01-07 21:59:56,2017-01-07 22:10:08,1.3,8.5,0.98,612
2017-01-23 09:41:39,2017-01-23 09:59:08,1.68,11.5,2.46,1049
2017-01-19 09:46:01,2017-01-19 09:56:42,0.7,8.0,1.75,641
2017-01-09 11:19:36,2017-01-09 11:59:52,3.1,24.0,0.0,2416
2017-01-04 21:07:00,2017-01-04 21:13:50,1.23,6.5,0.0,410
2017-01-26 20:38:28,2017-01-26 21:02:03,4.0,17.5,3.75,1415
2017-01-21 18:39:08,2017-01-21 19:10:28,4.13,21.0,4.36,1880
2017-01-19 07:40:03,2017-01-19 07:55:45,2.46,12.0,0.0,942
2017-01-05 18:32:03,2017-01-05 18:46:10,3.44,14.0,3.16,847
2017-01-15 02:34:09,2017-01-15 02:40:58,1.1,6.5,2.3,409
2017-01-08 13:55:35,2017-01-08 14:02:56,1.5,7.0,1.95,441
2017-01-19 16:00:21,2017-01-19 16:37:30,3.8,23.5,4.85,2229
2017-01-09 13:36:06,2017-01-09 13:39:14,0.4,4.0,0.96,188
2017-01-01 01:50:33,2017-01-01 01:59:44,1.4,8.0,2.32,551
2017-01-27 18:38:38,2017-01-27 19:15:01,9.7,33.0,8.05,2183
2017-01-10 15:26:40,2017-01-10 15:35:49,1.2,7.5,2.05,549
2017-01-27 05:22:34,2017-01-27 05:50:08,8.2,28.0,5.0,1654
2017-01-16 09:53:36,2017-01-16 10:07:07,2.4,11.5,0.0,811
2017-01-20 13:50:53,2017-01-20 13:53:06,0.37,3.5,0.86,133
2017-01-14 21:29:37,2017-01-14 21:56:52,5.51,21.5,2.0,1635
2017-01-12 10:56:34,2017-01-12 11:04:12,1.2,7.0,1.56,458
2017-01-14 09:18:14,2017-01-14 09:25:33,1.37,7.0,0.0,439
2017-01-04 21:53:27,2017-01-04 22:02:16,1.67,8.5,2.45,529
2017-01-19 17:36:25,2017-01-19 17:41:38,0.77,5.5,0.0,313
2017-01-31 11:05:40,2017-01-31 11:45:31,3.2,23.5,6.05,2391
2017-01-14 14:58:51,2017-01-14 15:10:43,2.2,10.0,2.15,712
2017-01-05 13:00:56,2017-01-05 13:17:19,1.96,12.0,3.2,983
2017-01-09 12:38:19,2017-01-09 13:00:13,4.4,18.0,3.75,1314
2017-01-08 14:21:15,2017-01-08 14:33:37,1.9,10.0,0.0,742
2017-01-31 19:05:06,2017-01-31 19:15:46,1.19,7.5,1.86,640
2017-01-02 14:14:54,2017-01-02 14:27:53,2.5,11.0,2.0,779
2017-01-31 21:58:52,2017-01-31 22:12:06,2.23,11.0,1.0,794
2017-01-05 08:49:24,2017-01-05 09:01:55,1.67,9.5,2.06,751
2017-01-12 08:47:04,2017-01-12 08:59:30,2.15,10.5,0.0,746
2017-01-05 07:41:48,2017-01-05 07:48:34,0.8,6.0,1.0,406
2017-01-31 06:28:57,2017-01-31 06:36:33,2.1,9.0,2.9,456
2017-01-10 13:36:22,2017-01-10 13:49:34,1.35,9.5,2.06,792
2017-01-11 09:44:38,2017-01-11 09:54:21,1.64,8.5,0.0,583
2017-01-06 21:23:01,2017-01-06 21:34:46,1.72,9.5,0.0,705
2017-01-04 17:42:48,2017-01-04 17:46:15,0.67,4.5,0.0,207
2017-01-05 14:31:14,2017-01-05 14:47:37,1.9,11.5,0.0,983
2017-01-10 15:02:58,2017-01-10 15:18:00,2.1,11.5,3.08,902
2017-01-13 17:58:29,2017-01-13 18:09:25,1.52,9.0,0.0,656
2017-01-12 21:37:22,2017-01-12 21:59:47,4.9,19.0,4.06,1345
2017-01-12 07:44:31,2017-01-12 07:56:44,3.4,13.0,2.75,733
2017-01-10 20:18:18,2017-01-10 20:42:47,6.9,24.5,2.0,1469
2017-01-04 19:12:48,2017-01-04 19:25:09,1.58,9.5,0.0,741
2017-01-11 15:52:07,2017-01-11 15:57:05,0.64,5.0,0.0,298
2017-01-28 07:44:08,2017-01-28 07:48:09,0.71,4.5,0.0,241
2017-01-04 08:40:14,2017-01-04 08:48:37,1.18,7.0,1.56,503
2017-01-17 09:28:30,2017-01-17 09:43:02,3.02,12.5,2.0,872
2017-01-28 18:13:54,2017-01-28 18:22:05,1.1,7.0,1.56,491
2017-01-29 21:28:31,2017-01-29 21:51:06,11.88,33.5,0.0,1355
2017-01-16 00:22:39,2017-01-16 00:26:50,1.36,6.0,1.46,251
2017-01-25 09:24:02,2017-01-25 09:35:59,1.2,9.0,1.0,717
2017-01-06 09:48:48,2017-01-06 09:52:20,0.67,4.5,0.0,212
2017-01-04 19:28:18,2017-01-04 19:36:12,1.4,8.0,1.95,474
2017-01-21 16:04:31,2017-01-21 16:14:36,1.05,8.0,0.0,605
2017-01-09 06:38:02,2017-01-09 07:17:28,20.52,52.0,11.67,2366
2017-01-03 13:24:06,2017-01-03 13:33:25,1.5,8.0,0.0,559
2017-01-02 20:41:20,2017-01-02 20:52:04,2.4,10.0,1.0,644
2017-01-03 17:13:31,2017-01-03 17:17:29,0.7,4.5,0.0,238
2017-01-14 18:09:50,2017-01-14 18:27:47,3.1,13.5,2.85,1077
2017-01-08 09:15:34,2017-01-08 09:17:10,0.3,3.5,1.05,96
2017-01-17 19:45:35,2017-01-17 19:49:33,0.62,4.5,1.26,238
2017-01-14 19:06:27,2017-01-14 19:16:34,1.2,8.0,0.0,607
2017-01-19 01:51:53,2017-01-19 02:04:14,2.58,10.5,2.95,741
2017-01-25 06:54:27,2017-01-25 07:04:45,1.6,8.5,1.85,618
2017-01-26 22:14:33,2017-01-26 22:16:37,0.52,4.0,1.06,124
2017-01-13 23:26:57,2017-01-13 23:40:03,2.1,10.5,2.35,786
2017-01-26 15:24:25,2017-01-26 15:40:27,1.33,11.0,0.0,962
2017-01-14 16:31:01,2017-01-14 16:59:42,5.98,23.5,4.86,1721
2017-01-15 13:56:20,2017-01-15 14:03:10,1.26,7.0,1.56,410
2017-01-11 21:50:45,2017-01-11 22:08:30,3.8,15.0,3.25,1065
2017-01-16 19:20:23,2017-01-16 19:53:16,15.8,43.5,8.85,1973
2017-01-16 19:09:16,2017-01-16 19:20:21,1.67,8.5,1.0,665
2017-01-29 22:23:12,2017-01-29 22:31:58,1.6,8.0,1.0,526
2017-01-31 11:44:41,2017-01-31 11:59:24,3.5,14.0,2.95,883
2017-01-22 21:08:38,2017-01-22 21:19:48,1.33,9.0,1.03,670
2017-01-01 03:02:03,2017-01-01 03:16:02,1.99,10.5,2.36,839
2017-01-16 19:59:22,2017-01-16 20:18:25,10.79,30.5,7.47,1143
2017-01-17 14:24:44,2017-01-17 14:33:00,0.6,6.5,1.5,496
2017-01-31 20:27:17,2017-01-31 20:33:53,1.27,6.5,1.56,396
2017-01-09 07:05:05,2017-01-09 07:13:22,1.51,8.0,1.0,497
2017-01-12 17:15:59,2017-01-12 17:24:25,1.4,7.5,1.5,506
2017-01-11 22:56:51,2017-01-11 23:16:51,4.08,17.0,0.0,1200
2017-01-04 05:40:08,2017-01-04 05:45:32,1.27,6.0,1.46,324
2017-01-25 09:50:21,2017-01-25 09:57:28,0.86,6.0,0.0,427
2017-01-26 15:50:00,2017-01-26 16:03:14,1.47,10.0,2.0,794
2017-01-06 10:08:39,2017-01-06 10:26:28,2.47,13.5,0.0,1069
2017-01-06 07:49:14,2017-01-06 08:01:47,2.4,10.5,2.26,753
2017-01-07 10:47:03,2017-01-07 10:50:33,1.01,5.0,0.0,210
2017-01-19 10:33:07,2017-01-19 10:43:15,2.56,10.5,2.0,608
2017-01-11 21:10:31,2017-01-11 21:14:06,0.6,4.5,1.45,215
2017-01-19 22:27:56,2017-01-19 22:56:24,5.1,22.5,4.75,1708
2017-01-26 18:08:49,2017-01-26 18:11:14,0.91,4.5,1.5,145
2017-01-28 22:51:04,2017-01-28 23:14:27,2.86,16.5,3.56,1403
2017-01-01 04:45:58,2017-01-01 05:10:26,5.4,21.0,2.0,1468
2017-01-25 14:49:15,2017-01-25 14:59:45,1.5,8.5,1.58,630
2017-01-21 23:08:00,2017-01-21 23:35:56,5.75,22.5,4.76,1676
2017-01-25 22:47:21,2017-01-25 22:56:24,1.51,8.0,1.86,543
2017-01-22 16:58:00,2017-01-22 17:17:08,2.5,13.0,1.5,1148
2017-01-02 19:42:01,2017-01-02 19:48:33,1.26,6.5,0.0,392
2017-01-13 22:50:24,2017-01-13 22:58:24,1.78,8.0,1.86,480
2017-01-14 10:22:04,2017-01-14 10:23:41,0.2,3.0,0.0,97
2017-01-06 18:15:40,2017-01-06 18:20:26,0.71,5.0,0.0,286
2017-01-14 20:04:57,2017-01-14 20:10:15,0.82,5.5,0.0,318
2017-01-11 22:16:20,2017-01-11 22:27:16,1.3,8.5,2.45,656
2017-01-17 05:40:24,2017-01-17 06:16:47,18.6,52.0,11.65,2183
2017-01-15 20:10:00,2017-01-15 20:21:25,2.3,10.0,5.5,685
2017-01-28 20:43:56,2017-01-28 20:56:29,3.1,12.0,2.65,753
2017-01-21 22:41:06,2017-01-21 22:56:38,1.56,11.0,2.46,932
2017-01-13 20:41:44,2017-01-13 20:58:52,5.6,18.5,0.0,1028
2017-01-15 12:04:12,2017-01-15 12:14:07,2.4,9.5,2.55,595
2017-01-28 21:32:40,2017-01-28 22:01:02,8.23,27.5,5.76,1702
2017-01-13 07:49:01,2017-01-13 07:57:22,1.51,7.5,2.49,501
2017-01-24 10:40:45,2017-01-24 10:52:58,1.64,9.5,1.5,733
2017-01-02 02:41:29,2017-01-02 02:48:52,2.2,9.0,2.05,443
2017-01-29 12:49:20,2017-01-29 13:39:47,17.4,52.0,10.0,3027
2017-01-01 13:46:38,2017-01-01 14:15:30,14.99,41.0,0.0,1732
2017-01-22 22:43:20,2017-01-22 22:47:46,0.6,5.0,0.0,266
2017-01-28 10:31:16,2017-01-28 10:40:44,2.76,11.0,1.0,568
2017-01-06 19:21:54,2017-01-06 19:35:09,2.1,10.5,1.25,795
2017-01-14 16:46:33,2017-01-14 17:10:06,4.3,18.0,1.2,1413
2017-01-16 06:12:22,2017-01-16 06:32:22,3.91,15.5,0.0,1200
2017-01-12 13:56:46,2017-01-12 14:15:53,2.28,13.5,2.86,1147
2017-01-19 15:33:54,2017-01-19 15:49:39,1.15,11.0,0.0,945
2017-01-11 07:53:25,2017-01-11 07:56:24,0.6,4.0,0.0,179
2017-01-30 21:25:08,2017-01-30 21:33:21,1.38,7.0,1.66,493
2017-01-23 02:07:15,2017-01-23 02:32:49,7.57,24.5,0.0,1534
2017-01-18 08:44:59,2017-01-18 09:01:15,3.5,14.5,3.05,976
2017-01-21 22:24:13,2017-01-21 22:56:12,5.5,23.0,4.85,1919
2017-01-21 20:27:13,2017-01-21 20:29:54,0.5,4.0,1.05,161
2017-01-15 16:10:05,2017-01-15 16:23:44,2.24,11.5,1.28,819
2017-01-16 02:44:52,2017-01-16 02:52:46,1.19,6.5,0.0,474
2017-01-15 10:04:19,2017-01-15 10:11:51,1.78,8.0,1.76,452
2017-01-23 08:02:15,2017-01-23 08:06:02,0.7,5.0,1.15,227
2017-01-29 09:05:45,2017-01-29 09:09:17,0.9,5.5,1.25,212
2017-01-22 05:38:51,2017-01-22 05:45:45,1.8,8.0,0.0,414
2017-01-31 06:50:50,2017-01-31 06:57:43,0.87,6.0,1.36,413
2017-01-08 02:36:23,2017-01-08 02:58:50,6.04,20.5,4.36,1347
2017-01-14 19:32:34,2017-01-14 19:56:23,6.1,22.0,0.0,1429
2017-01-22 12:18:41,2017-01-22 12:41:04,4.0,17.0,0.0,1343
2017-01-22 10:49:39,2017-01-22 10:52:12,0.66,4.0,0.96,153
2017-01-10 19:23:33,2017-01-10 19:28:31,0.6,5.0,1.35,298
2017-01-31 10:59:56,2017-01-31 11:06:50,0.91,6.0,1.36,414
2017-01-09 10:13:13,2017-01-09 10:30:32,2.15,12.0,2.56,1039
2017-01-17 19:00:57,2017-01-17 19:03:39,0.39,4.0,1.16,162
2017-01-30 15:21:34,2017-01-30 15:27:16,0.58,5.5,0.0,342
2017-01-17 22:03:32,2017-01-17 22:11:37,0.83,6.5,1.56,485
2017-01-23 23:48:49,2017-01-23 23:56:39,1.2,7.0,0.83,470
2017-01-31 07:21:14,2017-01-31 07:43:29,3.78,17.0,3.56,1335
2017-01-01 02:18:15,2017-01-01 02:40:04,7.32,23.0,5.97,1309
2017-01-17 15:54:53,2017-01-17 16:02:18,1.09,6.5,2.19,445
2017-01-28 22:02:10,2017-01-28 22:13:34,1.2,8.5,1.95,684
2017-01-16 02:35:09,2017-01-16 02:46:59,6.41,19.0,0.0,710
2017-01-04 19:38:51,2017-01-04 19:50:44,1.32,9.0,0.0,713
2017-01-17 00:42:55,2017-01-17 00:43:54,21.0,52.0,10.45,59
2017-01-07 11:27:43,2017-01-07 11:35:49,1.26,7.0,1.56,486
2017-01-09 15:04:32,2017-01-09 15:11:47,1.2,7.0,1.5,435
2017-01-12 13:40:04,2017-01-12 13:59:10,2.0,13.0,0.0,1146
2017-01-15 18:52:15,2017-01-15 18:57:40,0.76,5.5,1.89,325
2017-01-28 19:04:04,2017-01-28 19:21:21,3.8,15.0,3.0,1037
2017-01-08 15:38:10,2017-01-08 15:42:13,0.57,5.0,1.45,243
2017-01-10 21:01:38,2017-01-10 21:25:19,4.3,17.5,2.5,1421
2017-01-23 04:52:06,2017-01-23 04:57:21,1.31,6.5,1.56,315
2017-01-02 12:13:16,2017-01-02 12:17:35,0.9,5.5,0.0,259
2017-01-30 14:00:32,2017-01-30 14:02:33,0.36,3.5,0.0,121
2017-01-03 12:54:56,2017-01-03 13:07:33,2.07,10.5,2.82,757
2017-01-13 22:33:32,2017-01-13 22:46:53,3.1,12.5,2.0,801
2017-01-22 22:52:58,2017-01-22 23:05:38,3.36,13.0,4.29,760
2017-01-21 13:29:51,2017-01-21 13:49:22,2.5,14.0,0.0,1171
2017-01-20 22:07:56,2017-01-20 22:16:34,0.86,7.0,0.0,518
2017-01-10 02:01:28,2017-01-10 02:37:18,8.1,30.5,10.0,2150
2017-01-31 13:08:49,2017-01-31 13:31:57,2.33,15.0,3.16,1388
2017-01-26 18:13:46,2017-01-26 18:40:01,4.31,18.5,5.08,1575
2017-01-13 14:24:30,2017-01-13 14:42:30,3.87,15.5,3.26,1080
2017-01-19 22:37:02,2017-01-19 22:43:54,1.4,7.0,2.05,412
2017-01-03 13:16:17,2017-01-03 13:17:02,0.1,2.5,0.0,45
2017-01-17 15:17:15,2017-01-17 15:39:42,2.87,15.5,3.0,1347
2017-01-04 13:35:00,2017-01-04 13:53:59,4.8,18.0,0.0,1139
2017-01-05 13:53:58,2017-01-05 14:10:09,1.6,11.0,2.95,971
2017-01-02 17:43:24,2017-01-02 17:49:33,1.42,6.5,1.46,369
2017-01-30 11:56:46,2017-01-30 12:01:37,0.89,5.5,1.58,291
2017-01-12 16:07:42,2017-01-12 16:59:38,6.8,32.5,0.0,3116
2017-01-15 21:27:56,2017-01-15 21:34:09,0.8,6.0,0.0,373
2017-01-07 06:25:43,2017-01-07 06:32:01,1.48,7.0,0.0,378
2017-01-15 09:57:40,2017-01-15 10:00:06,1.11,5.0,1.16,146
2017-01-02 10:53:00,2017-01-02 11:02:11,1.8,9.0,1.95,551
2017-01-15 20:25:44,2017-01-15 20:41:53,3.48,14.0,3.06,969
2017-01-07 23:09:00,2017-01-07 23:19:05,1.4,8.5,1.95,605
2017-01-03 20:56:50,2017-01-03 21:11:04,2.94,12.5,2.76,854
2017-01-27 08:53:03,2017-01-27 09:00:12,0.7,6.5,1.45,429
2017-01-26 10:25:33,2017-01-26 10:39:51,1.8,10.0,2.0,858
2017-01-20 12:51:55,2017-01-20 13:00:25,1.7,8.0,1.75,510
2017-01-01 10:58:20,2017-01-01 11:08:40,2.0,9.5,1.55,620
2017-01-10 14:29:05,2017-01-10 14:39:17,1.06,8.0,2.0,612
2017-01-30 15:55:03,2017-01-30 16:00:44,1.31,6.5,0.0,341
2017-01-04 06:02:33,2017-01-04 06:12:18,2.5,10.5,1.7,585
2017-01-11 22:22:19,2017-01-11 22:28:31,1.22,6.5,0.0,372
2017-01-26 23:12:46,2017-01-26 23:19:47,0.9,6.5,1.55,421
2017-01-01 12:08:33,2017-01-01 12:11:55,0.79,4.5,1.0,202
2017-01-31 09:19:46,2017-01-31 09:36:53,2.27,12.5,2.66,1027
2017-01-07 00:57:15,2017-01-07 01:14:37,5.79,18.0,0.0,1042
2017-01-24 18:36:28,2017-01-24 18:39:33,0.5,4.0,1.0,185
2017-01-14 16:52:31,2017-01-14 17:03:26,1.0,8.0,0.0,655
2017-01-16 15:34:06,2017-01-16 15:41:54,0.9,6.5,0.0,468
2017-01-13 08:33:01,2017-01-13 08:51:23,0.88,12.0,2.56,1102
2017-01-04 15:32:59,2017-01-04 15:39:25,0.8,6.0,0.0,386
2017-01-30 19:31:25,2017-01-30 19:43:02,1.83,9.0,1.08,697
2017-01-20 18:52:10,2017-01-20 19:05:00,1.58,9.5,2.26,770
2017-01-25 20:12:20,2017-01-25 20:26:36,2.1,11.0,1.0,856
2017-01-26 15:17:41,2017-01-26 15:32:52,2.13,11.5,2.46,911
2017-01-14 00:48:47,2017-01-14 00:52:26,0.6,4.5,1.15,219
2017-01-15 17:35:08,2017-01-15 17:41:10,1.0,6.5,0.0,362
2017-01-17 12:05:43,2017-01-17 12:14:53,1.3,8.0,1.76,550
2017-01-20 13:31:37,2017-01-20 13:58:52,7.7,27.0,6.67,1635
2017-01-19 19:59:05,2017-01-19 20:00:03,0.1,52.0,0.0,58
2017-01-08 19:50:51,2017-01-08 20:01:08,1.87,9.0,1.96,617
2017-01-10 13:34:02,2017-01-10 14:01:50,5.1,22.0,0.0,1668
2017-01-02 18:51:36,2017-01-02 19:04:16,5.75,17.5,2.0,760
2017-01-21 17:16:49,2017-01-21 17:25:59,0.7,7.5,1.7,550
2017-01-02 15:30:03,2017-01-02 16:17:14,18.7,52.0,11.67,2831
2017-01-03 08:45:00,2017-01-03 09:03:14,8.1,24.5,0.0,1094
2017-01-20 15:26:00,2017-01-20 16:19:44,13.1,46.0,9.35,3224
2017-01-16 19:41:02,2017-01-16 19:45:21,0.6,5.0,0.0,259
2017-01-21 19:22:12,2017-01-21 19:28:46,1.2,7.0,0.0,394
2017-01-18 13:00:18,2017-01-18 13:12:59,2.8,11.0,2.35,761
2017-01-02 15:32:39,2017-01-02 15:45:27,2.68,11.0,2.36,768
2017-01-03 12:02:38,2017-01-03 12:13:08,1.64,9.0,1.67,630
2017-01-21 22:54:00,2017-01-21 23:00:50,0.7,6.0,0.0,410
2017-01-20 12:30:26,2017-01-20 12:43:18,0.79,9.0,1.0,772
2017-01-07 08:17:49,2017-01-07 08:30:36,3.4,12.5,3.3,767
2017-01-25 00:42:02,2017-01-25 00:49:02,1.5,7.5,1.75,420
2017-01-06 13:45:05,2017-01-06 14:06:30,3.7,17.0,3.55,1285
2017-01-01 21:12:41,2017-01-01 21:15:44,0.8,4.5,0.0,183
2017-01-30 12:22:43,2017-01-30 12:50:19,11.05,32.5,9.99,1656
2017-01-14 12:48:30,2017-01-14 13:06:20,1.9,12.5,2.1,1070
2017-01-09 23:57:11,2017-01-09 23:57:28,0.0,2.5,0.0,17
2017-01-10 09:51:24,2017-01-10 10:18:53,4.0,18.0,3.75,1649
2017-01-05 09:26:12,2017-01-05 09:35:17,0.7,7.0,1.55,545
2017-01-15 17:53:02,2017-01-15 18:01:45,1.0,7.0,1.55,523
2017-01-11 16:27:00,2017-01-11 16:38:44,0.94,8.5,0.0,704
2017-01-09 20:18:34,2017-01-09 20:28:50,2.36,10.0,1.13,616
2017-01-21 17:40:15,2017-01-21 17:51:24,1.99,9.5,1.7,669
2017-01-11 12:10:26,2017-01-11 12:17:00,1.01,6.5,1.46,394
2017-01-16 13:41:32,2017-01-16 13:46:23,0.79,5.5,0.0,291
2017-01-13 02:33:58,2017-01-13 02:45:21,1.64,9.0,2.06,683
2017-01-31 18:56:34,2017-01-31 19:30:39,18.4,52.0,5.0,2045
2017-01-20 13:22:38,2017-01-20 13:43:32,3.13,15.0,3.16,1254
2017-01-20 21:27:38,2017-01-20 21:39:49,1.2,8.5,1.95,731
2017-01-10 01:46:26,2017-01-10 02:06:09,10.58,30.5,7.95,1183
2017-01-29 19:44:16,2017-01-29 20:06:40,10.0,29.5,7.15,1344
2017-01-08 20:09:43,2017-01-08 20:19:31,1.77,8.5,2.45,588
2017-01-15 13:19:31,2017-01-15 13:23:46,0.68,5.0,1.16,255
2017-01-15 10:07:52,2017-01-15 10:18:43,1.73,9.0,1.0,651
2017-01-26 21:40:50,2017-01-26 21:49:35,1.7,8.0,0.0,525
2017-01-03 16:03:30,2017-01-03 16:15:08,2.77,11.0,3.2,698
2017-01-18 22:53:21,2017-01-18 23:01:36,1.1,6.5,0.0,495
2017-01-04 18:12:41,2017-01-04 18:37:43,3.8,18.0,2.0,1502
2017-01-29 17:49:08,2017-01-29 17:54:39,0.9,6.0,0.0,331
2017-01-22 14:27:17,2017-01-22 14:31:30,0.9,5.0,1.04,253
2017-01-31 13:17:38,2017-01-31 13:23:02,0.62,5.5,0.0,324
2017-01-25 14:16:56,2017-01-25 14:49:12,2.3,20.0,0.0,1936
2017-01-08 12:28:06,2017-01-08 12:40:08,6.09,18.5,2.9,722
2017-01-04 10:37:28,2017-01-04 10:54:44,5.5,20.0,4.16,1036
2017-01-26 00:55:44,2017-01-26 01:14:39,5.8,19.0,4.05,1135
2017-01-13 01:13:57,2017-01-13 01:44:57,4.4,21.5,0.0,1860
2017-01-06 14:03:55,2017-01-06 14:11:32,0.8,6.5,1.45,457
2017-01-01 14:59:37,2017-01-01 15:02:53,0.8,5.0,1.7,196
2017-01-30 14:11:08,2017-01-30 14:32:29,5.61,20.5,4.26,1281
2017-01-17 05:53:36,2017-01-17 05:56:04,0.51,4.0,0.0,148
2017-01-12 08:39:26,2017-01-12 08:44:36,0.87,5.5,0.0,310
2017-01-26 18:01:04,2017-01-26 18:04:07,0.45,4.0,0.0,183
2017-01-12 17:22:14,2017-01-12 17:29:00,0.92,6.0,1.56,406
2017-01-12 13:16:43,2017-01-12 13:24:54,1.61,8.0,0.0,491
2017-01-25 15:36:44,2017-01-25 15:42:56,0.8,6.0,1.35,372
2017-01-06 15:09:50,2017-01-06 15:32:30,1.7,14.5,0.0,1360
2017-01-17 18:12:10,2017-01-17 18:14:27,0.5,4.0,0.0,137
2017-01-30 19:00:34,2017-01-30 19:03:31,0.4,4.0,0.0,177
2017-01-25 12:59:19,2017-01-25 13:15:19,1.46,11.5,2.46,960
2017-01-21 11:46:26,2017-01-21 11:52:33,1.2,6.0,0.7,367
2017-01-06 19:38:34,2017-01-06 19:43:58,1.0,6.0,1.95,324
2017-01-26 22:11:11,2017-01-26 22:20:10,1.69,8.0,1.86,539
2017-01-01 05:24:13,2017-01-01 05:48:58,6.73,24.0,5.06,1485
2017-01-28 20:44:45,2017-01-28 21:01:21,1.95,12.0,2.66,996
2017-01-05 19:50:59,2017-01-05 20:06:41,1.93,12.0,0.0,942
2017-01-24 20:25:14,2017-01-24 20:57:39,17.8,52.0,10.56,1945
2017-01-28 19:52:35,2017-01-28 19:58:47,1.3,6.5,2.15,372
2017-01-05 23:07:30,2017-01-05 23:13:34,1.69,7.5,1.5,364
2017-01-27 07:05:08,2017-01-27 07:15:01,2.6,10.0,2.7,593
2017-01-12 12:02:34,2017-01-12 12:43:34,17.2,52.0,0.0,2460
2017-01-28 22:09:02,2017-01-28 22:28:38,5.71,20.0,0.0,1176
2017-01-25 19:58:01,2017-01-25 20:04:35,0.96,6.0,0.94,394
2017-01-16 19:09:09,2017-01-16 19:16:36,1.39,7.5,0.0,447
2017-01-11 22:07:21,2017-01-11 22:15:56,2.09,9.0,0.0,515
2017-01-14 18:26:39,2017-01-14 18:41:02,3.2,12.5,2.65,863
2017-01-07 10:48:00,2017-01-07 11:11:56,3.9,17.0,2.0,1436
2017-01-15 18:58:25,2017-01-15 19:02:21,0.4,4.5,1.0,236
2017-01-10 08:08:02,2017-01-10 08:18:37,1.7,9.0,1.95,635
